method,brier_score,brier_calibration_loss,brier_refinement_loss,ece,log_loss,brier_wins,ece_wins,log_wins
uncalibrated_logistic,0.16684341530489932,0.06629873753520339,0.10056635881618067,0.19450183459848128,0.5114206768961262,1,0,1
platt,0.10722586412718872,0.005208500661710974,0.10228035157095196,0.0421959398547177,0.3453642186440506,4,3,4
spline_fixed,0.10667144310994235,0.004538564748641993,0.10228623963834944,0.03621847377420238,0.34313865661092247,5,6,5
beta,0.10646381391747149,0.005973120160598926,0.100647660495397,0.039674133732058615,0.3446874284718227,6,1,7
isotonic,0.1064881965898743,0.002753952795066009,0.10389389192572845,0.025140288117810532,0.4251274840510755,6,14,3
haar_gridsearch_best,0.10558987546206824,0.004426264226283352,0.1013537128673646,0.03189786304486016,0.34596585961072,8,6,10
